"PromoCod. ArticoloDescrizioneBrandCodice a barreNovitàCod. FornitoreU.M.Prezzo (€)Cont. Cfz.StratoPalletNro Cfz.0103803L'OREAL BALSAMO ELVIVE OLIO STRA RICCI ML. 250PZ2.35096,00003GAKPME*bjecdj+0103806GILLETTE ESPO. MACH3 E FUSION TRIPACCO PZ. 880847506PZ176.68261,00008HKAMLG*jbbgde+0103807COCA COLA ZERO LATT. CL. 33 X102611101PZ3.99651,00005EOTAAK*ddcigi+0103808COCA COLA LATT. CL. 33 X102611001PZ3.99651,00005EOTAAK*ddcbch+0103809COCA COLA ZERO LATT. CL. 502242201PZ0.695324,00005EOTAAK*bhhgfa+0103810COCA COLA LATT. CL. 50132809PZ0.658424,00005EOTAAK*aaaefd+0103811MULINO BIANCO PICCOLO MUGNAIO GR. 30024183PZ1.700512,00008ARGSKJ*figaif+0103812MULINO BIANCO GRANBAULETTO CAMPAGNOLO GR. 46524175PZ1.98136,00008ARGSKJ*figafe+0103813COCA COLA ZERO PET LT. 2401564PZ1.40126,00005AKKBBM*fjfhij+0103814KINLEY LEMON PET LT. 11374907PZ0.71166,00005EOTAAK*ddfchc+0103815SPRITE LATT. ML. 1502615201PZ2.60274,00005EOTAAK*ddgbcf+0103816FANTA LEMON LATT. CL. 331039611PZ0.482924,00005AKKBBM*fgeaee+0103817FANTA LEMON ZERO PET LT. 1,51785808PZ1.2586,00005EOTAAK*dcjfcd+0103818FANTA LEMON PET LT. 1,5522431PZ1.2586,00005EOTAAK*bfciei+0103819SPRITE PET LT. 1,5 X22604602PZ2.13443,00005EOTAAK*ddfddd+0103821CABRIONI WAFER VANIGLIA MULTIPACK GR. 45 X533003PZ0.839522,00008AKALPF*badfae+0103822BAULI PANDORI' DARK CIOCCOLATO GR. 1784274PZ1.692412,00008AKBRMA*eechef+0103823BAULI PANDORI' LATTE GR. 1784273PZ1.692412,00008AKBRMA*eechdi+0103824BAULI PANDORI' CLASSICO GR. 1504272PZ1.43212,00008AKBRMA*eechcb+0103825HARIBO UNICORNI BS. GR. 16025121PZ0.972212,00004AKBGSQ*abdfbj+0103829FANTA ORANGE SLIM BIPACK PET LT. 1,5 X240327PZ2.13443,00005EOTAAK*ddhghc+0103830FANTA ORIGINAL SLIM PET LT. 1,5592178PZ1.2586,00005EOTAAK*ddgabj+0103831FANTA ORANGE SLEEK LATT. CL. 33404064PZ0.482924,00005EOTAAK*ddfjca+0103832FANTA ORANGE MINICAN LATT. ML. 150 X61755104PZ2.63184,00005EOTAAK*ddhgeb+0103833FANTA ORANGE PET CL. 451544111PZ1.007512,0000:FEAD*cdfe+0103834FANTA ORANGE PET CL. 661903903PZ0.846424,00005EOTAAK*ddhggf+331",,,,,,,,
"",,,,,,,,
Brand,Promo,Cod. Articolo,Descrizione,Codice a barre,,,,
"",Novità,Cod. Fornitore,U.M.,Prezzo (€),Cont. Cfz.,Strato,Pallet,Nro Cfz.
"",,0103803,L'OREAL BALSAMO ELVIVE OLIO STRA RICCI ML. 250,3GAKPME*bjecdj+,,,,
"",,,PZ,2.3509,"6,00",0,0,
"",,0103806,GILLETTE ESPO. MACH3 E FUSION TRIPACCO PZ. 8,8HKAMLG*jbbgde+,,,,
"",,80847506,PZ,176.6826,"1,00",0,0,
"",,0103807,COCA COLA ZERO LATT. CL. 33 X10,5EOTAAK*ddcigi+,,,,
"",,2611101,PZ,3.9965,"1,00",0,0,
"",,0103808,COCA COLA LATT. CL. 33 X10,5EOTAAK*ddcbch+,,,,
"",,2611001,PZ,3.9965,"1,00",0,0,
"",,0103809,COCA COLA ZERO LATT. CL. 50,5EOTAAK*bhhgfa+,,,,
"",,2242201,PZ,0.6953,"24,00",0,0,
"",,0103810,COCA COLA LATT. CL. 50,5EOTAAK*aaaefd+,,,,
"",,132809,PZ,0.6584,"24,00",0,0,
"",,0103811,MULINO BIANCO PICCOLO MUGNAIO GR. 300,8ARGSKJ*figaif+,,,,
"",,24183,PZ,1.7005,"12,00",0,0,
"",,0103812,MULINO BIANCO GRANBAULETTO CAMPAGNOLO GR. 465,8ARGSKJ*figafe+,,,,
"",,24175,PZ,1.9813,"6,00",0,0,
"",,0103813,COCA COLA ZERO PET LT. 2,5AKKBBM*fjfhij+,,,,
"",,401564,PZ,1.4012,"6,00",0,0,
"",,0103814,KINLEY LEMON PET LT. 1,5EOTAAK*ddfchc+,,,,
"",,1374907,PZ,0.7116,"6,00",0,0,
"",,0103815,SPRITE LATT. ML. 150,5EOTAAK*ddgbcf+,,,,
"",,2615201,PZ,2.6027,"4,00",0,0,
"",,0103816,FANTA LEMON LATT. CL. 33,5AKKBBM*fgeaee+,,,,
"",,1039611,PZ,0.4829,"24,00",0,0,
"",,0103817,"FANTA LEMON ZERO PET LT. 1,5",5EOTAAK*dcjfcd+,,,,
"",,1785808,PZ,1.258,"6,00",0,0,
"",,0103818,"FANTA LEMON PET LT. 1,5",5EOTAAK*bfciei+,,,,
"",,522431,PZ,1.258,"6,00",0,0,
"",,0103819,"SPRITE PET LT. 1,5 X2",5EOTAAK*ddfddd+,,,,
"",,2604602,PZ,2.1344,"3,00",0,0,
"",,0103821,CABRIONI WAFER VANIGLIA MULTIPACK GR. 45 X5,8AKALPF*badfae+,,,,
"",,33003,PZ,0.8395,"22,00",0,0,
"",,0103822,BAULI PANDORI' DARK CIOCCOLATO GR. 178,8AKBRMA*eechef+,,,,
"",,4274,PZ,1.6924,"12,00",0,0,
"",,0103823,BAULI PANDORI' LATTE GR. 178,8AKBRMA*eechdi+,,,,
"",,4273,PZ,1.6924,"12,00",0,0,
"",,0103824,BAULI PANDORI' CLASSICO GR. 150,8AKBRMA*eechcb+,,,,
"",,4272,PZ,1.432,"12,00",0,0,
"",,0103825,HARIBO UNICORNI BS. GR. 160,4AKBGSQ*abdfbj+,,,,
"",,25121,PZ,0.9722,"12,00",0,0,
"",,0103829,"FANTA ORANGE SLIM BIPACK PET LT. 1,5 X2",5EOTAAK*ddhghc+,,,,
"",,40327,PZ,2.1344,"3,00",0,0,
"",,0103830,"FANTA ORIGINAL SLIM PET LT. 1,5",5EOTAAK*ddgabj+,,,,
"",,592178,PZ,1.258,"6,00",0,0,
"",,0103831,FANTA ORANGE SLEEK LATT. CL. 33,5EOTAAK*ddfjca+,,,,
"",,404064,PZ,0.4829,"24,00",0,0,
"",,0103832,FANTA ORANGE MINICAN LATT. ML. 150 X6,5EOTAAK*ddhgeb+,,,,
"",,1755104,PZ,2.6318,"4,00",0,0,
"",,0103833,FANTA ORANGE PET CL. 45,:FEAD*cdfe+,,,,
"",,1544111,PZ,1.0075,"12,00",0,0,
"",,0103834,FANTA ORANGE PET CL. 66,5EOTAAK*ddhggf+,,,,
"",1903903,PZ,0.8464,"24,00",0,0,,
331,,,,,,,,
"PromoCod. ArticoloDescrizioneBrandCodice a barreNovitàCod. FornitoreU.M.Prezzo (€)Cont. Cfz.StratoPalletNro Cfz.0103803L'OREAL BALSAMO ELVIVE OLIO STRA RICCI ML. 250PZ2.35096,00003GAKPME*bjecdj+0103806GILLETTE ESPO. MACH3 E FUSION TRIPACCO PZ. 880847506PZ176.68261,00008HKAMLG*jbbgde+0103807COCA COLA ZERO LATT. CL. 33 X102611101PZ3.99651,00005EOTAAK*ddcigi+0103808COCA COLA LATT. CL. 33 X102611001PZ3.99651,00005EOTAAK*ddcbch+0103809COCA COLA ZERO LATT. CL. 502242201PZ0.695324,00005EOTAAK*bhhgfa+0103810COCA COLA LATT. CL. 50132809PZ0.658424,00005EOTAAK*aaaefd+0103811MULINO BIANCO PICCOLO MUGNAIO GR. 30024183PZ1.700512,00008ARGSKJ*figaif+0103812MULINO BIANCO GRANBAULETTO CAMPAGNOLO GR. 46524175PZ1.98136,00008ARGSKJ*figafe+0103813COCA COLA ZERO PET LT. 2401564PZ1.40126,00005AKKBBM*fjfhij+0103814KINLEY LEMON PET LT. 11374907PZ0.71166,00005EOTAAK*ddfchc+0103815SPRITE LATT. ML. 1502615201PZ2.60274,00005EOTAAK*ddgbcf+0103816FANTA LEMON LATT. CL. 331039611PZ0.482924,00005AKKBBM*fgeaee+0103817FANTA LEMON ZERO PET LT. 1,51785808PZ1.2586,00005EOTAAK*dcjfcd+0103818FANTA LEMON PET LT. 1,5522431PZ1.2586,00005EOTAAK*bfciei+0103819SPRITE PET LT. 1,5 X22604602PZ2.13443,00005EOTAAK*ddfddd+0103821CABRIONI WAFER VANIGLIA MULTIPACK GR. 45 X533003PZ0.839522,00008AKALPF*badfae+0103822BAULI PANDORI' DARK CIOCCOLATO GR. 1784274PZ1.692412,00008AKBRMA*eechef+0103823BAULI PANDORI' LATTE GR. 1784273PZ1.692412,00008AKBRMA*eechdi+0103824BAULI PANDORI' CLASSICO GR. 1504272PZ1.43212,00008AKBRMA*eechcb+0103825HARIBO UNICORNI BS. GR. 16025121PZ0.972212,00004AKBGSQ*abdfbj+0103829FANTA ORANGE SLIM BIPACK PET LT. 1,5 X240327PZ2.13443,00005EOTAAK*ddhghc+0103830FANTA ORIGINAL SLIM PET LT. 1,5592178PZ1.2586,00005EOTAAK*ddgabj+0103831FANTA ORANGE SLEEK LATT. CL. 33404064PZ0.482924,00005EOTAAK*ddfjca+0103832FANTA ORANGE MINICAN LATT. ML. 150 X61755104PZ2.63184,00005EOTAAK*ddhgeb+0103833FANTA ORANGE PET CL. 451544111PZ1.007512,0000:FEAD*cdfe+0103834FANTA ORANGE PET CL. 661903903PZ0.846424,00005EOTAAK*ddhggf+331",,,,,,,,
"",,,,,,,,
Brand,Promo,Cod. Articolo,Descrizione,Codice a barre,,,,
"",Novità,Cod. Fornitore,U.M.,Prezzo (€),Cont. Cfz.,Strato,Pallet,Nro Cfz.
"",,0103803,L'OREAL BALSAMO ELVIVE OLIO STRA RICCI ML. 250,3GAKPME*bjecdj+,,,,
"",,,PZ,2.3509,"6,00",0,0,
"",,0103806,GILLETTE ESPO. MACH3 E FUSION TRIPACCO PZ. 8,8HKAMLG*jbbgde+,,,,
"",,80847506,PZ,176.6826,"1,00",0,0,
"",,0103807,COCA COLA ZERO LATT. CL. 33 X10,5EOTAAK*ddcigi+,,,,
"",,2611101,PZ,3.9965,"1,00",0,0,
"",,0103808,COCA COLA LATT. CL. 33 X10,5EOTAAK*ddcbch+,,,,
"",,2611001,PZ,3.9965,"1,00",0,0,
"",,0103809,COCA COLA ZERO LATT. CL. 50,5EOTAAK*bhhgfa+,,,,
"",,2242201,PZ,0.6953,"24,00",0,0,
"",,0103810,COCA COLA LATT. CL. 50,5EOTAAK*aaaefd+,,,,
"",,132809,PZ,0.6584,"24,00",0,0,
"",,0103811,MULINO BIANCO PICCOLO MUGNAIO GR. 300,8ARGSKJ*figaif+,,,,
"",,24183,PZ,1.7005,"12,00",0,0,
"",,0103812,MULINO BIANCO GRANBAULETTO CAMPAGNOLO GR. 465,8ARGSKJ*figafe+,,,,
"",,24175,PZ,1.9813,"6,00",0,0,
"",,0103813,COCA COLA ZERO PET LT. 2,5AKKBBM*fjfhij+,,,,
"",,401564,PZ,1.4012,"6,00",0,0,
"",,0103814,KINLEY LEMON PET LT. 1,5EOTAAK*ddfchc+,,,,
"",,1374907,PZ,0.7116,"6,00",0,0,
"",,0103815,SPRITE LATT. ML. 150,5EOTAAK*ddgbcf+,,,,
"",,2615201,PZ,2.6027,"4,00",0,0,
"",,0103816,FANTA LEMON LATT. CL. 33,5AKKBBM*fgeaee+,,,,
"",,1039611,PZ,0.4829,"24,00",0,0,
"",,0103817,"FANTA LEMON ZERO PET LT. 1,5",5EOTAAK*dcjfcd+,,,,
"",,1785808,PZ,1.258,"6,00",0,0,
"",,0103818,"FANTA LEMON PET LT. 1,5",5EOTAAK*bfciei+,,,,
"",,522431,PZ,1.258,"6,00",0,0,
"",,0103819,"SPRITE PET LT. 1,5 X2",5EOTAAK*ddfddd+,,,,
"",,2604602,PZ,2.1344,"3,00",0,0,
"",,0103821,CABRIONI WAFER VANIGLIA MULTIPACK GR. 45 X5,8AKALPF*badfae+,,,,
"",,33003,PZ,0.8395,"22,00",0,0,
"",,0103822,BAULI PANDORI' DARK CIOCCOLATO GR. 178,8AKBRMA*eechef+,,,,
"",,4274,PZ,1.6924,"12,00",0,0,
"",,0103823,BAULI PANDORI' LATTE GR. 178,8AKBRMA*eechdi+,,,,
"",,4273,PZ,1.6924,"12,00",0,0,
"",,0103824,BAULI PANDORI' CLASSICO GR. 150,8AKBRMA*eechcb+,,,,
"",,4272,PZ,1.432,"12,00",0,0,
"",,0103825,HARIBO UNICORNI BS. GR. 160,4AKBGSQ*abdfbj+,,,,
"",,25121,PZ,0.9722,"12,00",0,0,
"",,0103829,"FANTA ORANGE SLIM BIPACK PET LT. 1,5 X2",5EOTAAK*ddhghc+,,,,
"",,40327,PZ,2.1344,"3,00",0,0,
"",,0103830,"FANTA ORIGINAL SLIM PET LT. 1,5",5EOTAAK*ddgabj+,,,,
"",,592178,PZ,1.258,"6,00",0,0,
"",,0103831,FANTA ORANGE SLEEK LATT. CL. 33,5EOTAAK*ddfjca+,,,,
"",,404064,PZ,0.4829,"24,00",0,0,
"",,0103832,FANTA ORANGE MINICAN LATT. ML. 150 X6,5EOTAAK*ddhgeb+,,,,
"",,1755104,PZ,2.6318,"4,00",0,0,
"",,0103833,FANTA ORANGE PET CL. 45,:FEAD*cdfe+,,,,
"",,1544111,PZ,1.0075,"12,00",0,0,
"",,0103834,FANTA ORANGE PET CL. 66,5EOTAAK*ddhggf+,,,,
"",1903903,PZ,0.8464,"24,00",0,0,,
331,,,,,,,,
"PromoCod. ArticoloDescrizioneBrandCodice a barreNovitàCod. FornitoreU.M.Prezzo (€)Cont. Cfz.StratoPalletNro Cfz.0103835PERONI BIRRA LATT. CL. 501674PZ0.71824,00008AKIOOA*ebaabg+0103836PERONI BIRRA ROSSA GRAN RISERVA BOTT. CL. 33 X32377PZ2.06988,00008AKIOOA*fbfacf+0103837PERONI BIRRA BIANCA GRAN RISERVA BOTT. CL. 33 X32379PZ2.07218,00008AKIOOA*fbfabi+0103838PERONI BIRRA DOPPIO MALTO GRAN RISERVA BOTT. CL. 33 X32382PZ2.08828,00008AKIOOA*fbfadc+0103839FIUGGI ACQUA NATURALE PET LT. 1100101PZ0.57096,00008ALFTQC*aaacbc+0103840SCHAR FETTE CROCCANTI S/GLUTINE GR. 150100105PZ1.273712,00008AKIQTI*aahdad+0103841MONVISO BISCOTTO SALUTE GR. 200AVBS214NPZ0.900214,00008AKHRRA*bbabbf+0103842KELLOGG'S BARRETTA CORNFLAKES CIOCCOLATO GR. 24 X67100715000PZ1.46414,00005APTDCL*aahbej+0103843FILIPINOS CARAMELLO SALATO GR. 118G66133PZ0.984412,00008ENGKOI*jgffhf+0103844JOSE' CUERVO TEQUILA SILVER 35% BOTT. CL. 705512PZ10.64526,00007FKBKDP*abbeba+0103845PLASMON IL FRULLATO MELA/PESCA/ALBICOCCA POUCH GR. 10076022863PZ0.76886,00008AKBKOA*ecdccg+0103846RIO MARE SNACK PATE' TONNO E MAIONESE TUBO GR. 1007006763PZ2.04712,00008AKEKNA*fgaaei+0103848PAVESI PAVESINI ALOHA GR. 20024177PZ1.86112,00008ALDNPF*fabjhb+0103849RANA GIRO D'ITALIA RAVIOLI BRESAOLA VALTELLINA IGP E STRACCHINO GR. 25011905PZ2.55181,00008AKBQQF*hdaahf+0103850RANA GIRO D'ITALIA RAVIOLI C/CARCIOFI GUANCIALE E PECORINO ROMANO DOP GR.11906PZ2.87271,00008AKBQQF*hdaaic+0103851RANA GIRO D'ITALIA RAVIOLI C/PESTO ALLA GENOVESE GR. 25011907PZ2.55181,00008AKBQQF*hdaajj+0103852RANA GIRO D'ITALIA RAVIOLI C/GAMBERI MOZZARELLA E SCORZA LIM SORRENTO IGP11903PZ2.87271,00008AKBQQF*hcgdic+0103861AZ DENT. 3D CARBONE ML. 65 X380816650PZ2.06468,00008HKAMLG*gbfaee+0103862AZ DENT. 3DW ULTRAWHITE ML. 65 X380816648PZ2.06468,00008HKAMLG*gbejhj+0103863AZ DENT. PROTEZIONE & PULIZIA ML. 65 X380816649PZ2.06468,00008HKAMLG*gbfadh+0103864AZ DENT. COMPLETE FRESCHEZZA DELICATA ML. 65 X380710627PZ2.06468,00008AKBKTA*hbjfcc+0103865GOURMET REVELATION BOCCONCINI IN GELEE' C/SALMONE GR. 57 X412598195PZ1.97456,00008EOFMTB*efhefe+0103866GOURMET REVELATION BOCCONCINI IN GELEE C/PESCE BIANCO GR. 57 X412597959PZ1.97456,00008EOFMTB*efbdcc+0103869MIGLIOR CANE BOCCONI MANZO LATT. GR. 40501120PZ0.398424,00008AKHPMA*abbcae+0103870MIGLIOR CANE BOCCONI POLLO/TACCHINO LATT. GR. 40501110PZ0.398424,00008AKHPMA*abbbaf+0103871MIGLIOR CANE BOCCONI SELVAGGINA LATT. GR. 40501125PZ0.418424,00008AKHPMA*abbcfj+332",,,,,,,,
"",,,,,,,,
Brand,Promo,Cod. Articolo,Descrizione,Codice a barre,,,,
"",Novità,Cod. Fornitore,U.M.,Prezzo (€),Cont. Cfz.,Strato,Pallet,Nro Cfz.
"",,0103835,PERONI BIRRA LATT. CL. 50,8AKIOOA*ebaabg+,,,,
"",,1674,PZ,0.718,"24,00",0,0,
"",,0103836,PERONI BIRRA ROSSA GRAN RISERVA BOTT. CL. 33 X3,8AKIOOA*fbfacf+,,,,
"",,2377,PZ,2.0698,"8,00",0,0,
"",,0103837,PERONI BIRRA BIANCA GRAN RISERVA BOTT. CL. 33 X3,8AKIOOA*fbfabi+,,,,
"",,2379,PZ,2.0721,"8,00",0,0,
"",,0103838,PERONI BIRRA DOPPIO MALTO GRAN RISERVA BOTT. CL. 33 X3,8AKIOOA*fbfadc+,,,,
"",,2382,PZ,2.0882,"8,00",0,0,
"",,0103839,FIUGGI ACQUA NATURALE PET LT. 1,8ALFTQC*aaacbc+,,,,
"",,100101,PZ,0.5709,"6,00",0,0,
"",,0103840,SCHAR FETTE CROCCANTI S/GLUTINE GR. 150,8AKIQTI*aahdad+,,,,
"",,100105,PZ,1.2737,"12,00",0,0,
"",,0103841,MONVISO BISCOTTO SALUTE GR. 200,8AKHRRA*bbabbf+,,,,
"",,AVBS214N,PZ,0.9002,"14,00",0,0,
"",,0103842,KELLOGG'S BARRETTA CORNFLAKES CIOCCOLATO GR. 24 X6,5APTDCL*aahbej+,,,,
"",,7100715000,PZ,1.464,"14,00",0,0,
"",,0103843,FILIPINOS CARAMELLO SALATO GR. 118,8ENGKOI*jgffhf+,,,,
"",,G66133,PZ,0.9844,"12,00",0,0,
"",,0103844,JOSE' CUERVO TEQUILA SILVER 35% BOTT. CL. 70,7FKBKDP*abbeba+,,,,
"",,5512,PZ,10.6452,"6,00",0,0,
"",,0103845,PLASMON IL FRULLATO MELA/PESCA/ALBICOCCA POUCH GR. 100,8AKBKOA*ecdccg+,,,,
"",,76022863,PZ,0.7688,"6,00",0,0,
"",,0103846,RIO MARE SNACK PATE' TONNO E MAIONESE TUBO GR. 100,8AKEKNA*fgaaei+,,,,
"",,7006763,PZ,2.047,"12,00",0,0,
"",,0103848,PAVESI PAVESINI ALOHA GR. 200,8ALDNPF*fabjhb+,,,,
"",,24177,PZ,1.861,"12,00",0,0,
"",,0103849,RANA GIRO D'ITALIA RAVIOLI BRESAOLA VALTELLINA IGP E STRACCHINO GR. 250,8AKBQQF*hdaahf+,,,,
"",,11905,PZ,2.5518,"1,00",0,0,
"",,0103850,RANA GIRO D'ITALIA RAVIOLI C/CARCIOFI GUANCIALE E PECORINO ROMANO DOP GR,8AKBQQF*hdaaic+,,,,
"",,11906,PZ,2.8727,"1,00",0,0,
"",,0103851,RANA GIRO D'ITALIA RAVIOLI C/PESTO ALLA GENOVESE GR. 250,8AKBQQF*hdaajj+,,,,
"",,11907,PZ,2.5518,"1,00",0,0,
"",,0103852,RANA GIRO D'ITALIA RAVIOLI C/GAMBERI MOZZARELLA E SCORZA LIM SORRENTO IG,8AKBQQF*hcgdic+,,,,
"",,11903,PZ,2.8727,"1,00",0,0,
"",,0103861,AZ DENT. 3D CARBONE ML. 65 X3,8HKAMLG*gbfaee+,,,,
"",,80816650,PZ,2.0646,"8,00",0,0,
"",,0103862,AZ DENT. 3DW ULTRAWHITE ML. 65 X3,8HKAMLG*gbejhj+,,,,
"",,80816648,PZ,2.0646,"8,00",0,0,
"",,0103863,AZ DENT. PROTEZIONE & PULIZIA ML. 65 X3,8HKAMLG*gbfadh+,,,,
"",,80816649,PZ,2.0646,"8,00",0,0,
"",,0103864,AZ DENT. COMPLETE FRESCHEZZA DELICATA ML. 65 X3,8AKBKTA*hbjfcc+,,,,
"",,80710627,PZ,2.0646,"8,00",0,0,
"",,0103865,GOURMET REVELATION BOCCONCINI IN GELEE' C/SALMONE GR. 57 X4,8EOFMTB*efhefe+,,,,
"",,12598195,PZ,1.9745,"6,00",0,0,
"",,0103866,GOURMET REVELATION BOCCONCINI IN GELEE C/PESCE BIANCO GR. 57 X4,8EOFMTB*efbdcc+,,,,
"",,12597959,PZ,1.9745,"6,00",0,0,
"",,0103869,MIGLIOR CANE BOCCONI MANZO LATT. GR. 405,8AKHPMA*abbcae+,,,,
"",,01120,PZ,0.3984,"24,00",0,0,
"",,0103870,MIGLIOR CANE BOCCONI POLLO/TACCHINO LATT. GR. 405,8AKHPMA*abbbaf+,,,,
"",,01110,PZ,0.3984,"24,00",0,0,
"",,0103871,MIGLIOR CANE BOCCONI SELVAGGINA LATT. GR. 405,8AKHPMA*abbcfj+,,,,
"",01125,PZ,0.4184,"24,00",0,0,,
332,,,,,,,,
"PromoCod. ArticoloDescrizioneBrandCodice a barreNovitàCod. FornitoreU.M.Prezzo (€)Cont. Cfz.StratoPalletNro Cfz.0103835PERONI BIRRA LATT. CL. 501674PZ0.71824,00008AKIOOA*ebaabg+0103836PERONI BIRRA ROSSA GRAN RISERVA BOTT. CL. 33 X32377PZ2.06988,00008AKIOOA*fbfacf+0103837PERONI BIRRA BIANCA GRAN RISERVA BOTT. CL. 33 X32379PZ2.07218,00008AKIOOA*fbfabi+0103838PERONI BIRRA DOPPIO MALTO GRAN RISERVA BOTT. CL. 33 X32382PZ2.08828,00008AKIOOA*fbfadc+0103839FIUGGI ACQUA NATURALE PET LT. 1100101PZ0.57096,00008ALFTQC*aaacbc+0103840SCHAR FETTE CROCCANTI S/GLUTINE GR. 150100105PZ1.273712,00008AKIQTI*aahdad+0103841MONVISO BISCOTTO SALUTE GR. 200AVBS214NPZ0.900214,00008AKHRRA*bbabbf+0103842KELLOGG'S BARRETTA CORNFLAKES CIOCCOLATO GR. 24 X67100715000PZ1.46414,00005APTDCL*aahbej+0103843FILIPINOS CARAMELLO SALATO GR. 118G66133PZ0.984412,00008ENGKOI*jgffhf+0103844JOSE' CUERVO TEQUILA SILVER 35% BOTT. CL. 705512PZ10.64526,00007FKBKDP*abbeba+0103845PLASMON IL FRULLATO MELA/PESCA/ALBICOCCA POUCH GR. 10076022863PZ0.76886,00008AKBKOA*ecdccg+0103846RIO MARE SNACK PATE' TONNO E MAIONESE TUBO GR. 1007006763PZ2.04712,00008AKEKNA*fgaaei+0103848PAVESI PAVESINI ALOHA GR. 20024177PZ1.86112,00008ALDNPF*fabjhb+0103849RANA GIRO D'ITALIA RAVIOLI BRESAOLA VALTELLINA IGP E STRACCHINO GR. 25011905PZ2.55181,00008AKBQQF*hdaahf+0103850RANA GIRO D'ITALIA RAVIOLI C/CARCIOFI GUANCIALE E PECORINO ROMANO DOP GR.11906PZ2.87271,00008AKBQQF*hdaaic+0103851RANA GIRO D'ITALIA RAVIOLI C/PESTO ALLA GENOVESE GR. 25011907PZ2.55181,00008AKBQQF*hdaajj+0103852RANA GIRO D'ITALIA RAVIOLI C/GAMBERI MOZZARELLA E SCORZA LIM SORRENTO IGP11903PZ2.87271,00008AKBQQF*hcgdic+0103861AZ DENT. 3D CARBONE ML. 65 X380816650PZ2.06468,00008HKAMLG*gbfaee+0103862AZ DENT. 3DW ULTRAWHITE ML. 65 X380816648PZ2.06468,00008HKAMLG*gbejhj+0103863AZ DENT. PROTEZIONE & PULIZIA ML. 65 X380816649PZ2.06468,00008HKAMLG*gbfadh+0103864AZ DENT. COMPLETE FRESCHEZZA DELICATA ML. 65 X380710627PZ2.06468,00008AKBKTA*hbjfcc+0103865GOURMET REVELATION BOCCONCINI IN GELEE' C/SALMONE GR. 57 X412598195PZ1.97456,00008EOFMTB*efhefe+0103866GOURMET REVELATION BOCCONCINI IN GELEE C/PESCE BIANCO GR. 57 X412597959PZ1.97456,00008EOFMTB*efbdcc+0103869MIGLIOR CANE BOCCONI MANZO LATT. GR. 40501120PZ0.398424,00008AKHPMA*abbcae+0103870MIGLIOR CANE BOCCONI POLLO/TACCHINO LATT. GR. 40501110PZ0.398424,00008AKHPMA*abbbaf+0103871MIGLIOR CANE BOCCONI SELVAGGINA LATT. GR. 40501125PZ0.418424,00008AKHPMA*abbcfj+332",,,,,,,,
"",,,,,,,,
Brand,Promo,Cod. Articolo,Descrizione,Codice a barre,,,,
"",Novità,Cod. Fornitore,U.M.,Prezzo (€),Cont. Cfz.,Strato,Pallet,Nro Cfz.
"",,0103835,PERONI BIRRA LATT. CL. 50,8AKIOOA*ebaabg+,,,,
"",,1674,PZ,0.718,"24,00",0,0,
"",,0103836,PERONI BIRRA ROSSA GRAN RISERVA BOTT. CL. 33 X3,8AKIOOA*fbfacf+,,,,
"",,2377,PZ,2.0698,"8,00",0,0,
"",,0103837,PERONI BIRRA BIANCA GRAN RISERVA BOTT. CL. 33 X3,8AKIOOA*fbfabi+,,,,
"",,2379,PZ,2.0721,"8,00",0,0,
"",,0103838,PERONI BIRRA DOPPIO MALTO GRAN RISERVA BOTT. CL. 33 X3,8AKIOOA*fbfadc+,,,,
"",,2382,PZ,2.0882,"8,00",0,0,
"",,0103839,FIUGGI ACQUA NATURALE PET LT. 1,8ALFTQC*aaacbc+,,,,
"",,100101,PZ,0.5709,"6,00",0,0,
"",,0103840,SCHAR FETTE CROCCANTI S/GLUTINE GR. 150,8AKIQTI*aahdad+,,,,
"",,100105,PZ,1.2737,"12,00",0,0,
"",,0103841,MONVISO BISCOTTO SALUTE GR. 200,8AKHRRA*bbabbf+,,,,
"",,AVBS214N,PZ,0.9002,"14,00",0,0,
"",,0103842,KELLOGG'S BARRETTA CORNFLAKES CIOCCOLATO GR. 24 X6,5APTDCL*aahbej+,,,,
"",,7100715000,PZ,1.464,"14,00",0,0,
"",,0103843,FILIPINOS CARAMELLO SALATO GR. 118,8ENGKOI*jgffhf+,,,,
"",,G66133,PZ,0.9844,"12,00",0,0,
"",,0103844,JOSE' CUERVO TEQUILA SILVER 35% BOTT. CL. 70,7FKBKDP*abbeba+,,,,
"",,5512,PZ,10.6452,"6,00",0,0,
"",,0103845,PLASMON IL FRULLATO MELA/PESCA/ALBICOCCA POUCH GR. 100,8AKBKOA*ecdccg+,,,,
"",,76022863,PZ,0.7688,"6,00",0,0,
"",,0103846,RIO MARE SNACK PATE' TONNO E MAIONESE TUBO GR. 100,8AKEKNA*fgaaei+,,,,
"",,7006763,PZ,2.047,"12,00",0,0,
"",,0103848,PAVESI PAVESINI ALOHA GR. 200,8ALDNPF*fabjhb+,,,,
"",,24177,PZ,1.861,"12,00",0,0,
"",,0103849,RANA GIRO D'ITALIA RAVIOLI BRESAOLA VALTELLINA IGP E STRACCHINO GR. 250,8AKBQQF*hdaahf+,,,,
"",,11905,PZ,2.5518,"1,00",0,0,
"",,0103850,RANA GIRO D'ITALIA RAVIOLI C/CARCIOFI GUANCIALE E PECORINO ROMANO DOP GR,8AKBQQF*hdaaic+,,,,
"",,11906,PZ,2.8727,"1,00",0,0,
"",,0103851,RANA GIRO D'ITALIA RAVIOLI C/PESTO ALLA GENOVESE GR. 250,8AKBQQF*hdaajj+,,,,
"",,11907,PZ,2.5518,"1,00",0,0,
"",,0103852,RANA GIRO D'ITALIA RAVIOLI C/GAMBERI MOZZARELLA E SCORZA LIM SORRENTO IG,8AKBQQF*hcgdic+,,,,
"",,11903,PZ,2.8727,"1,00",0,0,
"",,0103861,AZ DENT. 3D CARBONE ML. 65 X3,8HKAMLG*gbfaee+,,,,
"",,80816650,PZ,2.0646,"8,00",0,0,
"",,0103862,AZ DENT. 3DW ULTRAWHITE ML. 65 X3,8HKAMLG*gbejhj+,,,,
"",,80816648,PZ,2.0646,"8,00",0,0,
"",,0103863,AZ DENT. PROTEZIONE & PULIZIA ML. 65 X3,8HKAMLG*gbfadh+,,,,
"",,80816649,PZ,2.0646,"8,00",0,0,
"",,0103864,AZ DENT. COMPLETE FRESCHEZZA DELICATA ML. 65 X3,8AKBKTA*hbjfcc+,,,,
"",,80710627,PZ,2.0646,"8,00",0,0,
"",,0103865,GOURMET REVELATION BOCCONCINI IN GELEE' C/SALMONE GR. 57 X4,8EOFMTB*efhefe+,,,,
"",,12598195,PZ,1.9745,"6,00",0,0,
"",,0103866,GOURMET REVELATION BOCCONCINI IN GELEE C/PESCE BIANCO GR. 57 X4,8EOFMTB*efbdcc+,,,,
"",,12597959,PZ,1.9745,"6,00",0,0,
"",,0103869,MIGLIOR CANE BOCCONI MANZO LATT. GR. 405,8AKHPMA*abbcae+,,,,
"",,01120,PZ,0.3984,"24,00",0,0,
"",,0103870,MIGLIOR CANE BOCCONI POLLO/TACCHINO LATT. GR. 405,8AKHPMA*abbbaf+,,,,
"",,01110,PZ,0.3984,"24,00",0,0,
"",,0103871,MIGLIOR CANE BOCCONI SELVAGGINA LATT. GR. 405,8AKHPMA*abbcfj+,,,,
"",01125,PZ,0.4184,"24,00",0,0,,
332,,,,,,,,
"PromoCod. ArticoloDescrizioneBrandCodice a barreNovitàCod. FornitoreU.M.Prezzo (€)Cont. Cfz.StratoPalletNro Cfz.0103872MIGLIOR CANE BOCCONI MANZO/ORTAGGI LATT. GR. 40501121PZ0.418424,00008AKHPMA*abbcbb+0103873MIGLIOR CANE POLLO/TACCHINO LATT. GR. 1.25001154PZ1.048512,00008AKHPMA*abbfej+0103874MIGLIOR CANE BOCCONI MANZO LATT. GR. 1.25001152PZ1.100912,00008AKHPMA*abbfcf+0103875MIGLIOR CANE PATE' MANZO E CUORE VASCH. GR. 1501123PZ0.342922,00008AKHPMA*abbcdf+0103876MIGLIOR CANE JUNIOR CROCCHETTE POLLO SACCO KG. 1,502420PZ2.55646,00008AKHPMA*acecae+0103877MIGLIOR CANE MINI CROCCHETTE MANZO SACCO KG. 1,502421PZ2.55646,00008AKHPMA*acecbb+0103878MIGLIOR CANE ACTIVE MANZO SACCO KG. 1001017PZ9.48731,00008AKHPMA*ababhh+0103882MIGLIOR GATTO BOCCOCINI POLLO/TACCHINO LATT. GR. 40501218PZ0.430724,00008AKHPMA*abcbii+0103883MIGLIOR GATTO BOCCONCINI PESCE LATT. GR. 40501224PZ0.430724,00008AKHPMA*abccej+0103884MIGLIOR GATTO BOCCONCINI MANZO LATT. GR. 40501212PZ0.430724,00008AKHPMA*abcbcg+0103885MIGLIOR GATTO BOCCONCINI CONIGLIO LATT. GR. 40501222PZ0.430724,00008AKHPMA*abcccf+0103886MIGLIOR GATTO PATE' SELVAGGINA VASCH. GR. 10001303PZ0.256432,00008AKHPMA*abdadb+0103887MIGLIOR GATTO PATE' MANZO E CUORE VASCH.  GR. 10001306PZ0.269332,00008AKHPMA*abdagc+0103888MIGLIOR GATTO PATE' POLLO E CONIGLIO VASCH. GR. 10001305PZ0.269332,00008AKHPMA*abdaff+0103889MIGLIOR GATTO STRACCETTI MANZO E CAROTEF BS. GR. 10001401BPZ0.243924,00008AKHPMA*abeabe+0103890MIGLIOR GATTO STRACCETTI POLLO E TACCHINO BS. GR. 10001402BPZ0.243924,00008AKHPMA*abeacb+0103891MIGLIOR GATTO STRACCETTI SALMONE E TONNO BS. GR. 10001403BPZ0.238724,00008AKHPMA*abeadi+0104105AIA WUDY CLASSICO BS. GR. 300W2794PZ0.798915,00008AKILLA*aeagec+0104127FERRERO ROCHER CUORE T8 GR. 100E696PZ4.67789,00008AKAPKA*edaage+0104463FERRERO KINDER PLUMCAKE CAROTA GR. 192E784PZ1.3415,00008AKAPKA*eecbae+0104506EAT NATURAL PROTEIN ARACHIDI/MANDORLE E CARAMELLO SALATO GR. 120E657PZ2.171612,00008AKAPKA*edfhdb+0104507EAT NATURAL PROTEIN ARACHIDI E CIOCCOLATO FONDENTE GR. 120E658PZ2.171612,00008AKAPKA*edfgha+0104508EAT NATURAL CIOCCOLATO FONDENTE MANDORLE/MIRT. ROSSI E COCCO GR. 120E655PZ2.067612,00008AKAPKA*edffge+0104509EAT NATURAL MANDORLE E UVA SULTANINA CON ARACHIDI E ALBICOCCHE GR. 120E654PZ2.067612,00008AKAPKA*edfehc+0104510FERRERO NUTELLA PLANT BASED GR. 350E525PZ3.39615,00008AKAPKA*ecgeje+0104511FERRERO DUPLO NOCCIOLATO T5 GR. 130E618PZ2.141414,00008AKAPKA*accgde+333",,,,,,,,
"",,,,,,,,
Brand,Promo,Cod. Articolo,Descrizione,Codice a barre,,,,
"",Novità,Cod. Fornitore,U.M.,Prezzo (€),Cont. Cfz.,Strato,Pallet,Nro Cfz.
"",,0103872,MIGLIOR CANE BOCCONI MANZO/ORTAGGI LATT. GR. 405,8AKHPMA*abbcbb+,,,,
"",,01121,PZ,0.4184,"24,00",0,0,
"",,0103873,MIGLIOR CANE POLLO/TACCHINO LATT. GR. 1.250,8AKHPMA*abbfej+,,,,
"",,01154,PZ,1.0485,"12,00",0,0,
"",,0103874,MIGLIOR CANE BOCCONI MANZO LATT. GR. 1.250,8AKHPMA*abbfcf+,,,,
"",,01152,PZ,1.1009,"12,00",0,0,
"",,0103875,MIGLIOR CANE PATE' MANZO E CUORE VASCH. GR. 150,8AKHPMA*abbcdf+,,,,
"",,1123,PZ,0.3429,"22,00",0,0,
"",,0103876,"MIGLIOR CANE JUNIOR CROCCHETTE POLLO SACCO KG. 1,5",8AKHPMA*acecae+,,,,
"",,02420,PZ,2.5564,"6,00",0,0,
"",,0103877,"MIGLIOR CANE MINI CROCCHETTE MANZO SACCO KG. 1,5",8AKHPMA*acecbb+,,,,
"",,02421,PZ,2.5564,"6,00",0,0,
"",,0103878,MIGLIOR CANE ACTIVE MANZO SACCO KG. 10,8AKHPMA*ababhh+,,,,
"",,01017,PZ,9.4873,"1,00",0,0,
"",,0103882,MIGLIOR GATTO BOCCOCINI POLLO/TACCHINO LATT. GR. 405,8AKHPMA*abcbii+,,,,
"",,01218,PZ,0.4307,"24,00",0,0,
"",,0103883,MIGLIOR GATTO BOCCONCINI PESCE LATT. GR. 405,8AKHPMA*abccej+,,,,
"",,01224,PZ,0.4307,"24,00",0,0,
"",,0103884,MIGLIOR GATTO BOCCONCINI MANZO LATT. GR. 405,8AKHPMA*abcbcg+,,,,
"",,01212,PZ,0.4307,"24,00",0,0,
"",,0103885,MIGLIOR GATTO BOCCONCINI CONIGLIO LATT. GR. 405,8AKHPMA*abcccf+,,,,
"",,01222,PZ,0.4307,"24,00",0,0,
"",,0103886,MIGLIOR GATTO PATE' SELVAGGINA VASCH. GR. 100,8AKHPMA*abdadb+,,,,
"",,01303,PZ,0.2564,"32,00",0,0,
"",,0103887,MIGLIOR GATTO PATE' MANZO E CUORE VASCH.  GR. 100,8AKHPMA*abdagc+,,,,
"",,01306,PZ,0.2693,"32,00",0,0,
"",,0103888,MIGLIOR GATTO PATE' POLLO E CONIGLIO VASCH. GR. 100,8AKHPMA*abdaff+,,,,
"",,01305,PZ,0.2693,"32,00",0,0,
"",,0103889,MIGLIOR GATTO STRACCETTI MANZO E CAROTEF BS. GR. 100,8AKHPMA*abeabe+,,,,
"",,01401B,PZ,0.2439,"24,00",0,0,
"",,0103890,MIGLIOR GATTO STRACCETTI POLLO E TACCHINO BS. GR. 100,8AKHPMA*abeacb+,,,,
"",,01402B,PZ,0.2439,"24,00",0,0,
"",,0103891,MIGLIOR GATTO STRACCETTI SALMONE E TONNO BS. GR. 100,8AKHPMA*abeadi+,,,,
"",,01403B,PZ,0.2387,"24,00",0,0,
"",,0104105,AIA WUDY CLASSICO BS. GR. 300,8AKILLA*aeagec+,,,,
"",,W2794,PZ,0.7989,"15,00",0,0,
"",,0104127,FERRERO ROCHER CUORE T8 GR. 100,8AKAPKA*edaage+,,,,
"",,E696,PZ,4.6778,"9,00",0,0,
"",,0104463,FERRERO KINDER PLUMCAKE CAROTA GR. 192,8AKAPKA*eecbae+,,,,
"",,E784,PZ,1.34,"15,00",0,0,
"",,0104506,EAT NATURAL PROTEIN ARACHIDI/MANDORLE E CARAMELLO SALATO GR. 120,8AKAPKA*edfhdb+,,,,
"",,E657,PZ,2.1716,"12,00",0,0,
"",,0104507,EAT NATURAL PROTEIN ARACHIDI E CIOCCOLATO FONDENTE GR. 120,8AKAPKA*edfgha+,,,,
"",,E658,PZ,2.1716,"12,00",0,0,
"",,0104508,EAT NATURAL CIOCCOLATO FONDENTE MANDORLE/MIRT. ROSSI E COCCO GR. 120,8AKAPKA*edffge+,,,,
"",,E655,PZ,2.0676,"12,00",0,0,
"",,0104509,EAT NATURAL MANDORLE E UVA SULTANINA CON ARACHIDI E ALBICOCCHE GR. 120,8AKAPKA*edfehc+,,,,
"",,E654,PZ,2.0676,"12,00",0,0,
"",,0104510,FERRERO NUTELLA PLANT BASED GR. 350,8AKAPKA*ecgeje+,,,,
"",,E525,PZ,3.396,"15,00",0,0,
"",,0104511,FERRERO DUPLO NOCCIOLATO T5 GR. 130,8AKAPKA*accgde+,,,,
"",E618,PZ,2.1414,"14,00",0,0,,
333,,,,,,,,
"PromoCod. ArticoloDescrizioneBrandCodice a barreNovitàCod. FornitoreU.M.Prezzo (€)Cont. Cfz.StratoPalletNro Cfz.0103872MIGLIOR CANE BOCCONI MANZO/ORTAGGI LATT. GR. 40501121PZ0.418424,00008AKHPMA*abbcbb+0103873MIGLIOR CANE POLLO/TACCHINO LATT. GR. 1.25001154PZ1.048512,00008AKHPMA*abbfej+0103874MIGLIOR CANE BOCCONI MANZO LATT. GR. 1.25001152PZ1.100912,00008AKHPMA*abbfcf+0103875MIGLIOR CANE PATE' MANZO E CUORE VASCH. GR. 1501123PZ0.342922,00008AKHPMA*abbcdf+0103876MIGLIOR CANE JUNIOR CROCCHETTE POLLO SACCO KG. 1,502420PZ2.55646,00008AKHPMA*acecae+0103877MIGLIOR CANE MINI CROCCHETTE MANZO SACCO KG. 1,502421PZ2.55646,00008AKHPMA*acecbb+0103878MIGLIOR CANE ACTIVE MANZO SACCO KG. 1001017PZ9.48731,00008AKHPMA*ababhh+0103882MIGLIOR GATTO BOCCOCINI POLLO/TACCHINO LATT. GR. 40501218PZ0.430724,00008AKHPMA*abcbii+0103883MIGLIOR GATTO BOCCONCINI PESCE LATT. GR. 40501224PZ0.430724,00008AKHPMA*abccej+0103884MIGLIOR GATTO BOCCONCINI MANZO LATT. GR. 40501212PZ0.430724,00008AKHPMA*abcbcg+0103885MIGLIOR GATTO BOCCONCINI CONIGLIO LATT. GR. 40501222PZ0.430724,00008AKHPMA*abcccf+0103886MIGLIOR GATTO PATE' SELVAGGINA VASCH. GR. 10001303PZ0.256432,00008AKHPMA*abdadb+0103887MIGLIOR GATTO PATE' MANZO E CUORE VASCH.  GR. 10001306PZ0.269332,00008AKHPMA*abdagc+0103888MIGLIOR GATTO PATE' POLLO E CONIGLIO VASCH. GR. 10001305PZ0.269332,00008AKHPMA*abdaff+0103889MIGLIOR GATTO STRACCETTI MANZO E CAROTEF BS. GR. 10001401BPZ0.243924,00008AKHPMA*abeabe+0103890MIGLIOR GATTO STRACCETTI POLLO E TACCHINO BS. GR. 10001402BPZ0.243924,00008AKHPMA*abeacb+0103891MIGLIOR GATTO STRACCETTI SALMONE E TONNO BS. GR. 10001403BPZ0.238724,00008AKHPMA*abeadi+0104105AIA WUDY CLASSICO BS. GR. 300W2794PZ0.798915,00008AKILLA*aeagec+0104127FERRERO ROCHER CUORE T8 GR. 100E696PZ4.67789,00008AKAPKA*edaage+0104463FERRERO KINDER PLUMCAKE CAROTA GR. 192E784PZ1.3415,00008AKAPKA*eecbae+0104506EAT NATURAL PROTEIN ARACHIDI/MANDORLE E CARAMELLO SALATO GR. 120E657PZ2.171612,00008AKAPKA*edfhdb+0104507EAT NATURAL PROTEIN ARACHIDI E CIOCCOLATO FONDENTE GR. 120E658PZ2.171612,00008AKAPKA*edfgha+0104508EAT NATURAL CIOCCOLATO FONDENTE MANDORLE/MIRT. ROSSI E COCCO GR. 120E655PZ2.067612,00008AKAPKA*edffge+0104509EAT NATURAL MANDORLE E UVA SULTANINA CON ARACHIDI E ALBICOCCHE GR. 120E654PZ2.067612,00008AKAPKA*edfehc+0104510FERRERO NUTELLA PLANT BASED GR. 350E525PZ3.39615,00008AKAPKA*ecgeje+0104511FERRERO DUPLO NOCCIOLATO T5 GR. 130E618PZ2.141414,00008AKAPKA*accgde+333",,,,,,,,
"",,,,,,,,
Brand,Promo,Cod. Articolo,Descrizione,Codice a barre,,,,
"",Novità,Cod. Fornitore,U.M.,Prezzo (€),Cont. Cfz.,Strato,Pallet,Nro Cfz.
"",,0103872,MIGLIOR CANE BOCCONI MANZO/ORTAGGI LATT. GR. 405,8AKHPMA*abbcbb+,,,,
"",,01121,PZ,0.4184,"24,00",0,0,
"",,0103873,MIGLIOR CANE POLLO/TACCHINO LATT. GR. 1.250,8AKHPMA*abbfej+,,,,
"",,01154,PZ,1.0485,"12,00",0,0,
"",,0103874,MIGLIOR CANE BOCCONI MANZO LATT. GR. 1.250,8AKHPMA*abbfcf+,,,,
"",,01152,PZ,1.1009,"12,00",0,0,
"",,0103875,MIGLIOR CANE PATE' MANZO E CUORE VASCH. GR. 150,8AKHPMA*abbcdf+,,,,
"",,1123,PZ,0.3429,"22,00",0,0,
"",,0103876,"MIGLIOR CANE JUNIOR CROCCHETTE POLLO SACCO KG. 1,5",8AKHPMA*acecae+,,,,
"",,02420,PZ,2.5564,"6,00",0,0,
"",,0103877,"MIGLIOR CANE MINI CROCCHETTE MANZO SACCO KG. 1,5",8AKHPMA*acecbb+,,,,
"",,02421,PZ,2.5564,"6,00",0,0,
"",,0103878,MIGLIOR CANE ACTIVE MANZO SACCO KG. 10,8AKHPMA*ababhh+,,,,
"",,01017,PZ,9.4873,"1,00",0,0,
"",,0103882,MIGLIOR GATTO BOCCOCINI POLLO/TACCHINO LATT. GR. 405,8AKHPMA*abcbii+,,,,
"",,01218,PZ,0.4307,"24,00",0,0,
"",,0103883,MIGLIOR GATTO BOCCONCINI PESCE LATT. GR. 405,8AKHPMA*abccej+,,,,
"",,01224,PZ,0.4307,"24,00",0,0,
"",,0103884,MIGLIOR GATTO BOCCONCINI MANZO LATT. GR. 405,8AKHPMA*abcbcg+,,,,
"",,01212,PZ,0.4307,"24,00",0,0,
"",,0103885,MIGLIOR GATTO BOCCONCINI CONIGLIO LATT. GR. 405,8AKHPMA*abcccf+,,,,
"",,01222,PZ,0.4307,"24,00",0,0,
"",,0103886,MIGLIOR GATTO PATE' SELVAGGINA VASCH. GR. 100,8AKHPMA*abdadb+,,,,
"",,01303,PZ,0.2564,"32,00",0,0,
"",,0103887,MIGLIOR GATTO PATE' MANZO E CUORE VASCH.  GR. 100,8AKHPMA*abdagc+,,,,
"",,01306,PZ,0.2693,"32,00",0,0,
"",,0103888,MIGLIOR GATTO PATE' POLLO E CONIGLIO VASCH. GR. 100,8AKHPMA*abdaff+,,,,
"",,01305,PZ,0.2693,"32,00",0,0,
"",,0103889,MIGLIOR GATTO STRACCETTI MANZO E CAROTEF BS. GR. 100,8AKHPMA*abeabe+,,,,
"",,01401B,PZ,0.2439,"24,00",0,0,
"",,0103890,MIGLIOR GATTO STRACCETTI POLLO E TACCHINO BS. GR. 100,8AKHPMA*abeacb+,,,,
"",,01402B,PZ,0.2439,"24,00",0,0,
"",,0103891,MIGLIOR GATTO STRACCETTI SALMONE E TONNO BS. GR. 100,8AKHPMA*abeadi+,,,,
"",,01403B,PZ,0.2387,"24,00",0,0,
"",,0104105,AIA WUDY CLASSICO BS. GR. 300,8AKILLA*aeagec+,,,,
"",,W2794,PZ,0.7989,"15,00",0,0,
"",,0104127,FERRERO ROCHER CUORE T8 GR. 100,8AKAPKA*edaage+,,,,
"",,E696,PZ,4.6778,"9,00",0,0,
"",,0104463,FERRERO KINDER PLUMCAKE CAROTA GR. 192,8AKAPKA*eecbae+,,,,
"",,E784,PZ,1.34,"15,00",0,0,
"",,0104506,EAT NATURAL PROTEIN ARACHIDI/MANDORLE E CARAMELLO SALATO GR. 120,8AKAPKA*edfhdb+,,,,
"",,E657,PZ,2.1716,"12,00",0,0,
"",,0104507,EAT NATURAL PROTEIN ARACHIDI E CIOCCOLATO FONDENTE GR. 120,8AKAPKA*edfgha+,,,,
"",,E658,PZ,2.1716,"12,00",0,0,
"",,0104508,EAT NATURAL CIOCCOLATO FONDENTE MANDORLE/MIRT. ROSSI E COCCO GR. 120,8AKAPKA*edffge+,,,,
"",,E655,PZ,2.0676,"12,00",0,0,
"",,0104509,EAT NATURAL MANDORLE E UVA SULTANINA CON ARACHIDI E ALBICOCCHE GR. 120,8AKAPKA*edfehc+,,,,
"",,E654,PZ,2.0676,"12,00",0,0,
"",,0104510,FERRERO NUTELLA PLANT BASED GR. 350,8AKAPKA*ecgeje+,,,,
"",,E525,PZ,3.396,"15,00",0,0,
"",,0104511,FERRERO DUPLO NOCCIOLATO T5 GR. 130,8AKAPKA*accgde+,,,,
"",E618,PZ,2.1414,"14,00",0,0,,
333,,,,,,,,
"PromoCod. ArticoloDescrizioneBrandCodice a barreNovitàCod. FornitoreU.M.Prezzo (€)Cont. Cfz.StratoPalletNro Cfz.0104512FERRERO KINDER SCHOKOBONS WHITE GR. 200D254PZ2.809218,00008AKAPKA*cijihh+0104514FERRERO KINDER BUENO WHITE T(2X5) GR. 195D474PZ2.85266,00008AKAPKA*bchfee+0104515FERRERO TIC TAC MENTA ICE T100 GR. 49E675PZ1.333510,00008AKAPKA*bbjdfi+0104516FERRERO KINDER BUENO T(1X5) GR. 107,5E035PZ1.60359,00008AKAPKA*didafg+0104532PLAYTIME PLAYCHOC GR. 195199400PZ0.888124,00008ANCTPI*hgefja+0104533L'OREAL COLORE EXCELLENCE CASTANO 4AA989000PZ7.96366,00003GAKPME*cbgigd+0104534L'OREAL COLORE EXCELLENCE CASTANO CHIARO 5AA990000PZ7.96366,00003GAKPME*cbgjei+0104535L'OREAL COLORE EXCELLENCE BIONDO SCURO 6AA989500PZ7.96366,00003GAKPME*cbgije+0104536L'OREAL COLORE EXCELLENCE BIONDO 7AA989700PZ7.96366,00003GAKPME*cbgjbh+0104537L'OREAL COLORE EXCELLENCE CASTANO SCURO 3AA988900PZ7.96366,00003GAKPME*cbgifg+0104538L'OREAL COLORE EXCELLENCE BIONDO CHIARO 8AA990400PZ7.96366,00003GAKPME*cbgjig+0104539L'OREAL COLORE EXCELLENCE BIONDO CHIARISSIMO 9AA989900PZ7.96366,00003GAKPME*cbgjdb+0104540L'OREAL COLORE EXCELLENCE ULTRA CHIARO NATURA 1AA988600PZ7.96366,00003GAKPME*cbgicf+0104541L'OREAL COLORE EXCELLENCE NERO 1AA988500PZ7.96366,00003GAKPME*cbgibi+0104542L'OREAL COLORE EXCELLENCE CASTANO DORATO 5.3AA990200PZ7.96366,00003GAKPME*cbgjgc+0104543L'OREAL COLORE EXCELLENCE BIONDO CENERE 7.1AA990100PZ7.96366,00003GAKPME*cbgjff+0104544SANTAL ZERO ARANCIA ROSSA PET ML. 2504002769PZ0.43586,00008AKCPSA*dccgec+0104545SANTAL FRUITZ ARANCIA ROSSA MIX X2 VT. ML. 4004001095PZ1.49276,00008AKCPSA*dcccie+0104546SANTAL FRUITZ POMPELMO MIX X2 VT. ML. 4004001097PZ1.49276,00008AKCPSA*dccchh+0104547SANTAL FRUITZ PESCA MIX X2 VT. ML. 4004001096PZ1.49276,00008AKCPSA*dcccjb+0104548ZYMIL LATTE C/COLLAGENE PET ML. 2504001094PZ0.8836,00008AKCPSA*dccdja+0104552VERDEMIO SACCHI BIODEGRADABILI 42X42 PZ. 20128344PZ1.042824,00008AKENOI*bfhbgj+0104553NIVEA BODY FLUIDA CORPO IDRATANTE ML. 50083826PZ4.114112,00004AKGAKK*aighaf+0104554BIFFI PESTO FRESCO GENOVESE SENZ' AGLIO GR. 140BE20019PZ1.29286,0000:IAAH*dbjc+0104555BIFFI PESTO FRESCO GENOVESE GR. 140BE20018PZ1.29286,0000:IAAH*dbif+0104556EQUILIBRIO & PIACERE FETA DOP GR. 200124203PZ1.984212,00008AKENOI*bfgbdb+334",,,,,,,,
"",,,,,,,,
Brand,Promo,Cod. Articolo,Descrizione,Codice a barre,,,,
"",Novità,Cod. Fornitore,U.M.,Prezzo (€),Cont. Cfz.,Strato,Pallet,Nro Cfz.
"",,0104512,FERRERO KINDER SCHOKOBONS WHITE GR. 200,8AKAPKA*cijihh+,,,,
"",,D254,PZ,2.8092,"18,00",0,0,
"",,0104514,FERRERO KINDER BUENO WHITE T(2X5) GR. 195,8AKAPKA*bchfee+,,,,
"",,D474,PZ,2.8526,"6,00",0,0,
"",,0104515,FERRERO TIC TAC MENTA ICE T100 GR. 49,8AKAPKA*bbjdfi+,,,,
"",,E675,PZ,1.3335,"10,00",0,0,
"",,0104516,"FERRERO KINDER BUENO T(1X5) GR. 107,5",8AKAPKA*didafg+,,,,
"",,E035,PZ,1.6035,"9,00",0,0,
"",,0104532,PLAYTIME PLAYCHOC GR. 195,8ANCTPI*hgefja+,,,,
"",,199400,PZ,0.8881,"24,00",0,0,
"",,0104533,L'OREAL COLORE EXCELLENCE CASTANO 4,3GAKPME*cbgigd+,,,,
"",,AA989000,PZ,7.9636,"6,00",0,0,
"",,0104534,L'OREAL COLORE EXCELLENCE CASTANO CHIARO 5,3GAKPME*cbgjei+,,,,
"",,AA990000,PZ,7.9636,"6,00",0,0,
"",,0104535,L'OREAL COLORE EXCELLENCE BIONDO SCURO 6,3GAKPME*cbgije+,,,,
"",,AA989500,PZ,7.9636,"6,00",0,0,
"",,0104536,L'OREAL COLORE EXCELLENCE BIONDO 7,3GAKPME*cbgjbh+,,,,
"",,AA989700,PZ,7.9636,"6,00",0,0,
"",,0104537,L'OREAL COLORE EXCELLENCE CASTANO SCURO 3,3GAKPME*cbgifg+,,,,
"",,AA988900,PZ,7.9636,"6,00",0,0,
"",,0104538,L'OREAL COLORE EXCELLENCE BIONDO CHIARO 8,3GAKPME*cbgjig+,,,,
"",,AA990400,PZ,7.9636,"6,00",0,0,
"",,0104539,L'OREAL COLORE EXCELLENCE BIONDO CHIARISSIMO 9,3GAKPME*cbgjdb+,,,,
"",,AA989900,PZ,7.9636,"6,00",0,0,
"",,0104540,L'OREAL COLORE EXCELLENCE ULTRA CHIARO NATURA 1,3GAKPME*cbgicf+,,,,
"",,AA988600,PZ,7.9636,"6,00",0,0,
"",,0104541,L'OREAL COLORE EXCELLENCE NERO 1,3GAKPME*cbgibi+,,,,
"",,AA988500,PZ,7.9636,"6,00",0,0,
"",,0104542,L'OREAL COLORE EXCELLENCE CASTANO DORATO 5.3,3GAKPME*cbgjgc+,,,,
"",,AA990200,PZ,7.9636,"6,00",0,0,
"",,0104543,L'OREAL COLORE EXCELLENCE BIONDO CENERE 7.1,3GAKPME*cbgjff+,,,,
"",,AA990100,PZ,7.9636,"6,00",0,0,
"",,0104544,SANTAL ZERO ARANCIA ROSSA PET ML. 250,8AKCPSA*dccgec+,,,,
"",,4002769,PZ,0.4358,"6,00",0,0,
"",,0104545,SANTAL FRUITZ ARANCIA ROSSA MIX X2 VT. ML. 400,8AKCPSA*dcccie+,,,,
"",,4001095,PZ,1.4927,"6,00",0,0,
"",,0104546,SANTAL FRUITZ POMPELMO MIX X2 VT. ML. 400,8AKCPSA*dccchh+,,,,
"",,4001097,PZ,1.4927,"6,00",0,0,
"",,0104547,SANTAL FRUITZ PESCA MIX X2 VT. ML. 400,8AKCPSA*dcccjb+,,,,
"",,4001096,PZ,1.4927,"6,00",0,0,
"",,0104548,ZYMIL LATTE C/COLLAGENE PET ML. 250,8AKCPSA*dccdja+,,,,
"",,4001094,PZ,0.883,"6,00",0,0,
"",,0104552,VERDEMIO SACCHI BIODEGRADABILI 42X42 PZ. 20,8AKENOI*bfhbgj+,,,,
"",,128344,PZ,1.0428,"24,00",0,0,
"",,0104553,NIVEA BODY FLUIDA CORPO IDRATANTE ML. 500,4AKGAKK*aighaf+,,,,
"",,83826,PZ,4.1141,"12,00",0,0,
"",,0104554,BIFFI PESTO FRESCO GENOVESE SENZ' AGLIO GR. 140,:IAAH*dbjc+,,,,
"",,BE20019,PZ,1.2928,"6,00",0,0,
"",,0104555,BIFFI PESTO FRESCO GENOVESE GR. 140,:IAAH*dbif+,,,,
"",,BE20018,PZ,1.2928,"6,00",0,0,
"",,0104556,EQUILIBRIO & PIACERE FETA DOP GR. 200,8AKENOI*bfgbdb+,,,,
"",124203,PZ,1.9842,"12,00",0,0,,
334,,,,,,,,
"PromoCod. ArticoloDescrizioneBrandCodice a barreNovitàCod. FornitoreU.M.Prezzo (€)Cont. Cfz.StratoPalletNro Cfz.0104512FERRERO KINDER SCHOKOBONS WHITE GR. 200D254PZ2.809218,00008AKAPKA*cijihh+0104514FERRERO KINDER BUENO WHITE T(2X5) GR. 195D474PZ2.85266,00008AKAPKA*bchfee+0104515FERRERO TIC TAC MENTA ICE T100 GR. 49E675PZ1.333510,00008AKAPKA*bbjdfi+0104516FERRERO KINDER BUENO T(1X5) GR. 107,5E035PZ1.60359,00008AKAPKA*didafg+0104532PLAYTIME PLAYCHOC GR. 195199400PZ0.888124,00008ANCTPI*hgefja+0104533L'OREAL COLORE EXCELLENCE CASTANO 4AA989000PZ7.96366,00003GAKPME*cbgigd+0104534L'OREAL COLORE EXCELLENCE CASTANO CHIARO 5AA990000PZ7.96366,00003GAKPME*cbgjei+0104535L'OREAL COLORE EXCELLENCE BIONDO SCURO 6AA989500PZ7.96366,00003GAKPME*cbgije+0104536L'OREAL COLORE EXCELLENCE BIONDO 7AA989700PZ7.96366,00003GAKPME*cbgjbh+0104537L'OREAL COLORE EXCELLENCE CASTANO SCURO 3AA988900PZ7.96366,00003GAKPME*cbgifg+0104538L'OREAL COLORE EXCELLENCE BIONDO CHIARO 8AA990400PZ7.96366,00003GAKPME*cbgjig+0104539L'OREAL COLORE EXCELLENCE BIONDO CHIARISSIMO 9AA989900PZ7.96366,00003GAKPME*cbgjdb+0104540L'OREAL COLORE EXCELLENCE ULTRA CHIARO NATURA 1AA988600PZ7.96366,00003GAKPME*cbgicf+0104541L'OREAL COLORE EXCELLENCE NERO 1AA988500PZ7.96366,00003GAKPME*cbgibi+0104542L'OREAL COLORE EXCELLENCE CASTANO DORATO 5.3AA990200PZ7.96366,00003GAKPME*cbgjgc+0104543L'OREAL COLORE EXCELLENCE BIONDO CENERE 7.1AA990100PZ7.96366,00003GAKPME*cbgjff+0104544SANTAL ZERO ARANCIA ROSSA PET ML. 2504002769PZ0.43586,00008AKCPSA*dccgec+0104545SANTAL FRUITZ ARANCIA ROSSA MIX X2 VT. ML. 4004001095PZ1.49276,00008AKCPSA*dcccie+0104546SANTAL FRUITZ POMPELMO MIX X2 VT. ML. 4004001097PZ1.49276,00008AKCPSA*dccchh+0104547SANTAL FRUITZ PESCA MIX X2 VT. ML. 4004001096PZ1.49276,00008AKCPSA*dcccjb+0104548ZYMIL LATTE C/COLLAGENE PET ML. 2504001094PZ0.8836,00008AKCPSA*dccdja+0104552VERDEMIO SACCHI BIODEGRADABILI 42X42 PZ. 20128344PZ1.042824,00008AKENOI*bfhbgj+0104553NIVEA BODY FLUIDA CORPO IDRATANTE ML. 50083826PZ4.114112,00004AKGAKK*aighaf+0104554BIFFI PESTO FRESCO GENOVESE SENZ' AGLIO GR. 140BE20019PZ1.29286,0000:IAAH*dbjc+0104555BIFFI PESTO FRESCO GENOVESE GR. 140BE20018PZ1.29286,0000:IAAH*dbif+0104556EQUILIBRIO & PIACERE FETA DOP GR. 200124203PZ1.984212,00008AKENOI*bfgbdb+334",,,,,,,,
"",,,,,,,,
Brand,Promo,Cod. Articolo,Descrizione,Codice a barre,,,,
"",Novità,Cod. Fornitore,U.M.,Prezzo (€),Cont. Cfz.,Strato,Pallet,Nro Cfz.
"",,0104512,FERRERO KINDER SCHOKOBONS WHITE GR. 200,8AKAPKA*cijihh+,,,,
"",,D254,PZ,2.8092,"18,00",0,0,
"",,0104514,FERRERO KINDER BUENO WHITE T(2X5) GR. 195,8AKAPKA*bchfee+,,,,
"",,D474,PZ,2.8526,"6,00",0,0,
"",,0104515,FERRERO TIC TAC MENTA ICE T100 GR. 49,8AKAPKA*bbjdfi+,,,,
"",,E675,PZ,1.3335,"10,00",0,0,
"",,0104516,"FERRERO KINDER BUENO T(1X5) GR. 107,5",8AKAPKA*didafg+,,,,
"",,E035,PZ,1.6035,"9,00",0,0,
"",,0104532,PLAYTIME PLAYCHOC GR. 195,8ANCTPI*hgefja+,,,,
"",,199400,PZ,0.8881,"24,00",0,0,
"",,0104533,L'OREAL COLORE EXCELLENCE CASTANO 4,3GAKPME*cbgigd+,,,,
"",,AA989000,PZ,7.9636,"6,00",0,0,
"",,0104534,L'OREAL COLORE EXCELLENCE CASTANO CHIARO 5,3GAKPME*cbgjei+,,,,
"",,AA990000,PZ,7.9636,"6,00",0,0,
"",,0104535,L'OREAL COLORE EXCELLENCE BIONDO SCURO 6,3GAKPME*cbgije+,,,,
"",,AA989500,PZ,7.9636,"6,00",0,0,
"",,0104536,L'OREAL COLORE EXCELLENCE BIONDO 7,3GAKPME*cbgjbh+,,,,
"",,AA989700,PZ,7.9636,"6,00",0,0,
"",,0104537,L'OREAL COLORE EXCELLENCE CASTANO SCURO 3,3GAKPME*cbgifg+,,,,
"",,AA988900,PZ,7.9636,"6,00",0,0,
"",,0104538,L'OREAL COLORE EXCELLENCE BIONDO CHIARO 8,3GAKPME*cbgjig+,,,,
"",,AA990400,PZ,7.9636,"6,00",0,0,
"",,0104539,L'OREAL COLORE EXCELLENCE BIONDO CHIARISSIMO 9,3GAKPME*cbgjdb+,,,,
"",,AA989900,PZ,7.9636,"6,00",0,0,
"",,0104540,L'OREAL COLORE EXCELLENCE ULTRA CHIARO NATURA 1,3GAKPME*cbgicf+,,,,
"",,AA988600,PZ,7.9636,"6,00",0,0,
"",,0104541,L'OREAL COLORE EXCELLENCE NERO 1,3GAKPME*cbgibi+,,,,
"",,AA988500,PZ,7.9636,"6,00",0,0,
"",,0104542,L'OREAL COLORE EXCELLENCE CASTANO DORATO 5.3,3GAKPME*cbgjgc+,,,,
"",,AA990200,PZ,7.9636,"6,00",0,0,
"",,0104543,L'OREAL COLORE EXCELLENCE BIONDO CENERE 7.1,3GAKPME*cbgjff+,,,,
"",,AA990100,PZ,7.9636,"6,00",0,0,
"",,0104544,SANTAL ZERO ARANCIA ROSSA PET ML. 250,8AKCPSA*dccgec+,,,,
"",,4002769,PZ,0.4358,"6,00",0,0,
"",,0104545,SANTAL FRUITZ ARANCIA ROSSA MIX X2 VT. ML. 400,8AKCPSA*dcccie+,,,,
"",,4001095,PZ,1.4927,"6,00",0,0,
"",,0104546,SANTAL FRUITZ POMPELMO MIX X2 VT. ML. 400,8AKCPSA*dccchh+,,,,
"",,4001097,PZ,1.4927,"6,00",0,0,
"",,0104547,SANTAL FRUITZ PESCA MIX X2 VT. ML. 400,8AKCPSA*dcccjb+,,,,
"",,4001096,PZ,1.4927,"6,00",0,0,
"",,0104548,ZYMIL LATTE C/COLLAGENE PET ML. 250,8AKCPSA*dccdja+,,,,
"",,4001094,PZ,0.883,"6,00",0,0,
"",,0104552,VERDEMIO SACCHI BIODEGRADABILI 42X42 PZ. 20,8AKENOI*bfhbgj+,,,,
"",,128344,PZ,1.0428,"24,00",0,0,
"",,0104553,NIVEA BODY FLUIDA CORPO IDRATANTE ML. 500,4AKGAKK*aighaf+,,,,
"",,83826,PZ,4.1141,"12,00",0,0,
"",,0104554,BIFFI PESTO FRESCO GENOVESE SENZ' AGLIO GR. 140,:IAAH*dbjc+,,,,
"",,BE20019,PZ,1.2928,"6,00",0,0,
"",,0104555,BIFFI PESTO FRESCO GENOVESE GR. 140,:IAAH*dbif+,,,,
"",,BE20018,PZ,1.2928,"6,00",0,0,
"",,0104556,EQUILIBRIO & PIACERE FETA DOP GR. 200,8AKENOI*bfgbdb+,,,,
"",124203,PZ,1.9842,"12,00",0,0,,
334,,,,,,,,
"PromoCod. ArticoloDescrizioneBrandCodice a barreNovitàCod. FornitoreU.M.Prezzo (€)Cont. Cfz.StratoPalletNro Cfz.0104557DANONE YOGURT INTERO FRUTTA MIX GR. 115 X8207863PZ1.85811,00008AKBQNA*abcede+0104558DANONE ACTIMEL PLUS FRAGOLA E MELOGRANO GR. 100 X6206283PZ2.8211,00008AKBQNA*abcche+0104559DANONE ACTIVIA DRINK FIBRE E PROBIOTICO FRAGOLA GR. 270207586PZ0.87761,00008AKBQNA*abcefi+0104561DANONE ACTIVIA DRINK FIBRE E PROBIOTICO CEREALI GR. 270207634PZ0.87761,00008AKBQNA*abceeb+0104562DANONE ACTIVIA KEFIR BIG POT NATURALE GR. 345205419PZ1.00351,00008AKBQNA*abcech+0104620FERRERO KINDER FETTA AL LATTE MIRTILLO T.5 GR.140E812PZ1.7118,0000:IAHJ*iadd+0104783BOROTALCO DEOD. FRESCO NON STOP CRISTALLI MARINI SPRAY ML. 2007005639PZ2.182812,00008AKCOLA*aegfbj+0104784BOROTALCO DEOD. FRESCO NON STOP FIORI ACQUATICI SPRAY ML. 1507005640PZ2.182812,00008AKCOLA*aegfdd+0104785BOROTALCO DEOD. FRESCO NON STOP UOMO LEGNI OCEANICI SPRAY ML. 1507005642PZ2.182812,00008AKCOLA*aegfcg+0104786NIVEA BODY FLUIDA NUTRIENTE ML. 50080212PZ4.114112,00004AKGAKK*aighcj+0104787NEUTRO ROBERTS DEOD. ESSENZE ITA. SIRACUSA SPRAY ML. 2007002918PZ2.229712,00008AKCOLA*abcbgd+0104788NEUTRO ROBERTS DEOD. ESSENZE ITA. DOLOMITI SPRAY ML. 2007002920PZ2.229712,00008AKCOLA*abcbfg+0104789NEUTRO ROBERTS DEOD. ESSENZE ITA. FIRENZE SPRAY ML. 2007002919PZ2.229712,00008AKCOLA*abcbej+0104791ANCHE IO PASTA AL FORNO KG. 1,5102-15 EKG8.44061,50000104792ANCHE IO INSALATA DI POLLO CON FAGIOLINI E PATATE KG. 1,5202-14 EKG10.86771,50000104793ANCHE IO POLPETTA AL RAGU' KG. 1,5202-5 EKG10.011,50000104794ANCHE IO SALSICCE CON FRIARIELLI KG. 1,5202-9EKG11.90331,50000104795ANCHE IO PEPERONI GRATINATI KG. 1,5405-1EKG7.37771,50000104796ANCHE IO ZUCCHINE ALLA SCAPECE KG. 1,5405-3 EKG10.26671,50000104797ANCHE IO PATATE AL FORNO SPICCHI KG. 1,5405-31EKG6.3031,50000104798ANCHE IO ZUCCHINE ARROSTITE KG. 1,5405-6EKG9.93631,50000104799ANCHE IO GNOCCHI ALLA SORRENTINA GR.300102-12ZLPZ1.7166,00007EMHMFM*eeifhd+0104800CHILLY MASCHERA INTIME RINFRESCANTE7005740PZ3.162718,00008AKCOLA*adjgde+0104801CHILLY MASCHERA INTIMA LENITIVA7005741PZ3.162718,00008AKCOLA*adjgeb+0104802CHILLY MASCHERA INTIMA IDRATANTE7005742PZ3.162718,00008AKCOLA*adjgfi+0104803CERRONE PANGRISOTTI CLASSICO GR. 180PGS01PZ1.383116,00008APDSPD*gdaccd+335",,,,,,,,
"",,,,,,,,
Brand,Promo,Cod. Articolo,Descrizione,Codice a barre,,,,
"",Novità,Cod. Fornitore,U.M.,Prezzo (€),Cont. Cfz.,Strato,Pallet,Nro Cfz.
"",,0104557,DANONE YOGURT INTERO FRUTTA MIX GR. 115 X8,8AKBQNA*abcede+,,,,
"",,207863,PZ,1.8581,"1,00",0,0,
"",,0104558,DANONE ACTIMEL PLUS FRAGOLA E MELOGRANO GR. 100 X6,8AKBQNA*abcche+,,,,
"",,206283,PZ,2.821,"1,00",0,0,
"",,0104559,DANONE ACTIVIA DRINK FIBRE E PROBIOTICO FRAGOLA GR. 270,8AKBQNA*abcefi+,,,,
"",,207586,PZ,0.8776,"1,00",0,0,
"",,0104561,DANONE ACTIVIA DRINK FIBRE E PROBIOTICO CEREALI GR. 270,8AKBQNA*abceeb+,,,,
"",,207634,PZ,0.8776,"1,00",0,0,
"",,0104562,DANONE ACTIVIA KEFIR BIG POT NATURALE GR. 345,8AKBQNA*abcech+,,,,
"",,205419,PZ,1.0035,"1,00",0,0,
"",,0104620,FERRERO KINDER FETTA AL LATTE MIRTILLO T.5 GR.140,:IAHJ*iadd+,,,,
"",,E812,PZ,1.711,"8,00",0,0,
"",,0104783,BOROTALCO DEOD. FRESCO NON STOP CRISTALLI MARINI SPRAY ML. 200,8AKCOLA*aegfbj+,,,,
"",,7005639,PZ,2.1828,"12,00",0,0,
"",,0104784,BOROTALCO DEOD. FRESCO NON STOP FIORI ACQUATICI SPRAY ML. 150,8AKCOLA*aegfdd+,,,,
"",,7005640,PZ,2.1828,"12,00",0,0,
"",,0104785,BOROTALCO DEOD. FRESCO NON STOP UOMO LEGNI OCEANICI SPRAY ML. 150,8AKCOLA*aegfcg+,,,,
"",,7005642,PZ,2.1828,"12,00",0,0,
"",,0104786,NIVEA BODY FLUIDA NUTRIENTE ML. 500,4AKGAKK*aighcj+,,,,
"",,80212,PZ,4.1141,"12,00",0,0,
"",,0104787,NEUTRO ROBERTS DEOD. ESSENZE ITA. SIRACUSA SPRAY ML. 200,8AKCOLA*abcbgd+,,,,
"",,7002918,PZ,2.2297,"12,00",0,0,
"",,0104788,NEUTRO ROBERTS DEOD. ESSENZE ITA. DOLOMITI SPRAY ML. 200,8AKCOLA*abcbfg+,,,,
"",,7002920,PZ,2.2297,"12,00",0,0,
"",,0104789,NEUTRO ROBERTS DEOD. ESSENZE ITA. FIRENZE SPRAY ML. 200,8AKCOLA*abcbej+,,,,
"",,7002919,PZ,2.2297,"12,00",0,0,
"",,0104791,"ANCHE IO PASTA AL FORNO KG. 1,5",,,,,
"",,102-15 E,KG,8.4406,"1,50",0,0,
"",,0104792,"ANCHE IO INSALATA DI POLLO CON FAGIOLINI E PATATE KG. 1,5",,,,,
"",,202-14 E,KG,10.8677,"1,50",0,0,
"",,0104793,"ANCHE IO POLPETTA AL RAGU' KG. 1,5",,,,,
"",,202-5 E,KG,10.01,"1,50",0,0,
"",,0104794,"ANCHE IO SALSICCE CON FRIARIELLI KG. 1,5",,,,,
"",,202-9E,KG,11.9033,"1,50",0,0,
"",,0104795,"ANCHE IO PEPERONI GRATINATI KG. 1,5",,,,,
"",,405-1E,KG,7.3777,"1,50",0,0,
"",,0104796,"ANCHE IO ZUCCHINE ALLA SCAPECE KG. 1,5",,,,,
"",,405-3 E,KG,10.2667,"1,50",0,0,
"",,0104797,"ANCHE IO PATATE AL FORNO SPICCHI KG. 1,5",,,,,
"",,405-31E,KG,6.303,"1,50",0,0,
"",,0104798,"ANCHE IO ZUCCHINE ARROSTITE KG. 1,5",,,,,
"",,405-6E,KG,9.9363,"1,50",0,0,
"",,0104799,ANCHE IO GNOCCHI ALLA SORRENTINA GR.300,7EMHMFM*eeifhd+,,,,
"",,102-12ZL,PZ,1.716,"6,00",0,0,
"",,0104800,CHILLY MASCHERA INTIME RINFRESCANTE,8AKCOLA*adjgde+,,,,
"",,7005740,PZ,3.1627,"18,00",0,0,
"",,0104801,CHILLY MASCHERA INTIMA LENITIVA,8AKCOLA*adjgeb+,,,,
"",,7005741,PZ,3.1627,"18,00",0,0,
"",,0104802,CHILLY MASCHERA INTIMA IDRATANTE,8AKCOLA*adjgfi+,,,,
"",,7005742,PZ,3.1627,"18,00",0,0,
"",,0104803,CERRONE PANGRISOTTI CLASSICO GR. 180,8APDSPD*gdaccd+,,,,
"",PGS01,PZ,1.3831,"16,00",0,0,,
335,,,,,,,,
"PromoCod. ArticoloDescrizioneBrandCodice a barreNovitàCod. FornitoreU.M.Prezzo (€)Cont. Cfz.StratoPalletNro Cfz.0104557DANONE YOGURT INTERO FRUTTA MIX GR. 115 X8207863PZ1.85811,00008AKBQNA*abcede+0104558DANONE ACTIMEL PLUS FRAGOLA E MELOGRANO GR. 100 X6206283PZ2.8211,00008AKBQNA*abcche+0104559DANONE ACTIVIA DRINK FIBRE E PROBIOTICO FRAGOLA GR. 270207586PZ0.87761,00008AKBQNA*abcefi+0104561DANONE ACTIVIA DRINK FIBRE E PROBIOTICO CEREALI GR. 270207634PZ0.87761,00008AKBQNA*abceeb+0104562DANONE ACTIVIA KEFIR BIG POT NATURALE GR. 345205419PZ1.00351,00008AKBQNA*abcech+0104620FERRERO KINDER FETTA AL LATTE MIRTILLO T.5 GR.140E812PZ1.7118,0000:IAHJ*iadd+0104783BOROTALCO DEOD. FRESCO NON STOP CRISTALLI MARINI SPRAY ML. 2007005639PZ2.182812,00008AKCOLA*aegfbj+0104784BOROTALCO DEOD. FRESCO NON STOP FIORI ACQUATICI SPRAY ML. 1507005640PZ2.182812,00008AKCOLA*aegfdd+0104785BOROTALCO DEOD. FRESCO NON STOP UOMO LEGNI OCEANICI SPRAY ML. 1507005642PZ2.182812,00008AKCOLA*aegfcg+0104786NIVEA BODY FLUIDA NUTRIENTE ML. 50080212PZ4.114112,00004AKGAKK*aighcj+0104787NEUTRO ROBERTS DEOD. ESSENZE ITA. SIRACUSA SPRAY ML. 2007002918PZ2.229712,00008AKCOLA*abcbgd+0104788NEUTRO ROBERTS DEOD. ESSENZE ITA. DOLOMITI SPRAY ML. 2007002920PZ2.229712,00008AKCOLA*abcbfg+0104789NEUTRO ROBERTS DEOD. ESSENZE ITA. FIRENZE SPRAY ML. 2007002919PZ2.229712,00008AKCOLA*abcbej+0104791ANCHE IO PASTA AL FORNO KG. 1,5102-15 EKG8.44061,50000104792ANCHE IO INSALATA DI POLLO CON FAGIOLINI E PATATE KG. 1,5202-14 EKG10.86771,50000104793ANCHE IO POLPETTA AL RAGU' KG. 1,5202-5 EKG10.011,50000104794ANCHE IO SALSICCE CON FRIARIELLI KG. 1,5202-9EKG11.90331,50000104795ANCHE IO PEPERONI GRATINATI KG. 1,5405-1EKG7.37771,50000104796ANCHE IO ZUCCHINE ALLA SCAPECE KG. 1,5405-3 EKG10.26671,50000104797ANCHE IO PATATE AL FORNO SPICCHI KG. 1,5405-31EKG6.3031,50000104798ANCHE IO ZUCCHINE ARROSTITE KG. 1,5405-6EKG9.93631,50000104799ANCHE IO GNOCCHI ALLA SORRENTINA GR.300102-12ZLPZ1.7166,00007EMHMFM*eeifhd+0104800CHILLY MASCHERA INTIME RINFRESCANTE7005740PZ3.162718,00008AKCOLA*adjgde+0104801CHILLY MASCHERA INTIMA LENITIVA7005741PZ3.162718,00008AKCOLA*adjgeb+0104802CHILLY MASCHERA INTIMA IDRATANTE7005742PZ3.162718,00008AKCOLA*adjgfi+0104803CERRONE PANGRISOTTI CLASSICO GR. 180PGS01PZ1.383116,00008APDSPD*gdaccd+335",,,,,,,,
"",,,,,,,,
Brand,Promo,Cod. Articolo,Descrizione,Codice a barre,,,,
"",Novità,Cod. Fornitore,U.M.,Prezzo (€),Cont. Cfz.,Strato,Pallet,Nro Cfz.
"",,0104557,DANONE YOGURT INTERO FRUTTA MIX GR. 115 X8,8AKBQNA*abcede+,,,,
"",,207863,PZ,1.8581,"1,00",0,0,
"",,0104558,DANONE ACTIMEL PLUS FRAGOLA E MELOGRANO GR. 100 X6,8AKBQNA*abcche+,,,,
"",,206283,PZ,2.821,"1,00",0,0,
"",,0104559,DANONE ACTIVIA DRINK FIBRE E PROBIOTICO FRAGOLA GR. 270,8AKBQNA*abcefi+,,,,
"",,207586,PZ,0.8776,"1,00",0,0,
"",,0104561,DANONE ACTIVIA DRINK FIBRE E PROBIOTICO CEREALI GR. 270,8AKBQNA*abceeb+,,,,
"",,207634,PZ,0.8776,"1,00",0,0,
"",,0104562,DANONE ACTIVIA KEFIR BIG POT NATURALE GR. 345,8AKBQNA*abcech+,,,,
"",,205419,PZ,1.0035,"1,00",0,0,
"",,0104620,FERRERO KINDER FETTA AL LATTE MIRTILLO T.5 GR.140,:IAHJ*iadd+,,,,
"",,E812,PZ,1.711,"8,00",0,0,
"",,0104783,BOROTALCO DEOD. FRESCO NON STOP CRISTALLI MARINI SPRAY ML. 200,8AKCOLA*aegfbj+,,,,
"",,7005639,PZ,2.1828,"12,00",0,0,
"",,0104784,BOROTALCO DEOD. FRESCO NON STOP FIORI ACQUATICI SPRAY ML. 150,8AKCOLA*aegfdd+,,,,
"",,7005640,PZ,2.1828,"12,00",0,0,
"",,0104785,BOROTALCO DEOD. FRESCO NON STOP UOMO LEGNI OCEANICI SPRAY ML. 150,8AKCOLA*aegfcg+,,,,
"",,7005642,PZ,2.1828,"12,00",0,0,
"",,0104786,NIVEA BODY FLUIDA NUTRIENTE ML. 500,4AKGAKK*aighcj+,,,,
"",,80212,PZ,4.1141,"12,00",0,0,
"",,0104787,NEUTRO ROBERTS DEOD. ESSENZE ITA. SIRACUSA SPRAY ML. 200,8AKCOLA*abcbgd+,,,,
"",,7002918,PZ,2.2297,"12,00",0,0,
"",,0104788,NEUTRO ROBERTS DEOD. ESSENZE ITA. DOLOMITI SPRAY ML. 200,8AKCOLA*abcbfg+,,,,
"",,7002920,PZ,2.2297,"12,00",0,0,
"",,0104789,NEUTRO ROBERTS DEOD. ESSENZE ITA. FIRENZE SPRAY ML. 200,8AKCOLA*abcbej+,,,,
"",,7002919,PZ,2.2297,"12,00",0,0,
"",,0104791,"ANCHE IO PASTA AL FORNO KG. 1,5",,,,,
"",,102-15 E,KG,8.4406,"1,50",0,0,
"",,0104792,"ANCHE IO INSALATA DI POLLO CON FAGIOLINI E PATATE KG. 1,5",,,,,
"",,202-14 E,KG,10.8677,"1,50",0,0,
"",,0104793,"ANCHE IO POLPETTA AL RAGU' KG. 1,5",,,,,
"",,202-5 E,KG,10.01,"1,50",0,0,
"",,0104794,"ANCHE IO SALSICCE CON FRIARIELLI KG. 1,5",,,,,
"",,202-9E,KG,11.9033,"1,50",0,0,
"",,0104795,"ANCHE IO PEPERONI GRATINATI KG. 1,5",,,,,
"",,405-1E,KG,7.3777,"1,50",0,0,
"",,0104796,"ANCHE IO ZUCCHINE ALLA SCAPECE KG. 1,5",,,,,
"",,405-3 E,KG,10.2667,"1,50",0,0,
"",,0104797,"ANCHE IO PATATE AL FORNO SPICCHI KG. 1,5",,,,,
"",,405-31E,KG,6.303,"1,50",0,0,
"",,0104798,"ANCHE IO ZUCCHINE ARROSTITE KG. 1,5",,,,,
"",,405-6E,KG,9.9363,"1,50",0,0,
"",,0104799,ANCHE IO GNOCCHI ALLA SORRENTINA GR.300,7EMHMFM*eeifhd+,,,,
"",,102-12ZL,PZ,1.716,"6,00",0,0,
"",,0104800,CHILLY MASCHERA INTIME RINFRESCANTE,8AKCOLA*adjgde+,,,,
"",,7005740,PZ,3.1627,"18,00",0,0,
"",,0104801,CHILLY MASCHERA INTIMA LENITIVA,8AKCOLA*adjgeb+,,,,
"",,7005741,PZ,3.1627,"18,00",0,0,
"",,0104802,CHILLY MASCHERA INTIMA IDRATANTE,8AKCOLA*adjgfi+,,,,
"",,7005742,PZ,3.1627,"18,00",0,0,
"",,0104803,CERRONE PANGRISOTTI CLASSICO GR. 180,8APDSPD*gdaccd+,,,,
"",PGS01,PZ,1.3831,"16,00",0,0,,
335,,,,,,,,
